{
  "nama": "Budi Martami",
  "nim": "123456789",
  "program_studi": "Informatika",
  "transkrip": [
    {
      "mata_kuliah": "Pemrograman Dasar",
      "kode_mata_kuliah": "CS101",
      "sks": 3,
      "nilai": "A"
    },
    {
      "mata_kuliah": "Struktur Data",
      "kode_mata_kuliah": "CS201",
      "sks": 4,
      "nilai": "B+"
    },
    {
      "mata_kuliah": "Algoritma dan Kompleksitas",
      "kode_mata_kuliah": "CS301",
      "sks": 4,
      "nilai": "A-"
    }
  ]
}
